1,"School",841046,4,65798,"Nebraska"
2,"Hospital",136160,3,323161,"Hawaii"
3,"Furniture",405272,9,137862,"New York"
4,"Economy",816058,2,216519,"Nevada"
5,"School",676108,9,477481,"South Carolina"
6,"Gardening",507171,4,160917,"Pennsylvania"
7,"Development",140910,1,440558,"Wyoming"
8,"Furniture",105286,3,66754,"Massachusetts"
9,"Gardening",620667,4,177039,"Maine"
10,"School",992480,1,255971,"Missouri"
11,"Toy",533078,2,144994,"South Carolina"
12,"Appliance",189427,2,217314,"Indiana"
13,"Toy",668290,8,232636,"Nebraska"
14,"School",953840,2,349224,"Massachusetts"
15,"Hospital",439813,2,65679,"Wisconsin"
16,"Gardening",167814,2,241624,"Indiana"
17,"Economy",682510,6,240627,"Alaska"
18,"Development",199345,3,353881,"New Mexico"
19,"Furniture",385139,6,331823,"Alaska"
20,"Furniture",316824,9,408867,"Wisconsin"
21,"Hospital",946084,2,133480,"Minnesota"
22,"School",515967,4,396097,"Maryland"
23,"Furniture",169572,2,232820,"Nebraska"
24,"Furniture",409678,1,311362,"Wyoming"
25,"Appliance",625359,5,133149,"Arkansas"
26,"Furniture",625092,5,255076,"Illinois"
27,"School",671096,1,136826,"Arkansas"
28,"Development",843332,3,22546,"Washington"
29,"Furniture",788591,1,244544,"Tennessee"
30,"School",568452,3,29988,"Vermont"
31,"Hospital",718291,8,296637,"Oregon"
32,"School",516884,6,441777,"Arizona"
33,"Gardening",952026,5,112982,"North Dakota"
34,"Hospital",571994,5,399177,"Wyoming"
35,"School",126556,6,68103,"Oregon"
36,"Toy",502540,7,451656,"Washington"
37,"Appliance",151114,2,324384,"Wyoming"
38,"Furniture",183134,5,180167,"Wyoming"
39,"Development",410849,5,263055,"Delaware"
40,"Toy",938917,8,419350,"Missouri"
41,"Economy",187060,6,471117,"Georgia"
42,"Toy",594590,4,437722,"Idaho"
43,"Development",259327,9,317711,"South Dakota"
44,"Gardening",335152,7,373277,"Utah"
45,"Gardening",968050,7,107653,"North Dakota"
46,"Gardening",535215,3,28863,"Maryland"
47,"School",580746,4,269107,"Oklahoma"
48,"School",969753,5,100310,"Idaho"
49,"Development",353562,1,334762,"West Virginia"
50,"Furniture",340783,6,130890,"West Virginia"
51,"Gardening",230320,8,84443,"New Mexico"
52,"Economy",847824,6,59689,"Alabama"
53,"Hospital",934735,1,18495,"Rhode Island"
54,"Toy",812076,2,452140,"Texas"
55,"Development",948904,2,221182,"Iowa"
56,"Gardening",484436,4,446436,"Colorado"
57,"Toy",512002,2,338362,"Kentucky"
58,"School",202172,1,79567,"Georgia"
59,"Toy",273120,3,280562,"Texas"
60,"Appliance",417060,9,199539,"Texas"
61,"School",331063,3,465930,"Massachusetts"
62,"Development",502835,9,268123,"Maine"
63,"Development",537043,5,60039,"Kansas"
64,"Appliance",303467,6,118173,"South Dakota"
65,"School",523258,2,431233,"Michigan"
66,"Development",688625,7,207664,"Arizona"
67,"Gardening",287010,9,236293,"Louisiana"
68,"Development",622789,8,144866,"North Carolina"
69,"Appliance",184573,8,291672,"West Virginia"
70,"Appliance",186492,4,213332,"Hawaii"
71,"Furniture",603963,9,372169,"Pennsylvania"
72,"Appliance",338669,6,275533,"Wyoming"
73,"Hospital",468655,9,399526,"Illinois"
74,"Development",940389,2,422429,"Florida"
75,"Economy",266638,3,347808,"New Mexico"
76,"Furniture",618087,4,104494,"Texas"
77,"Development",267595,4,471537,"District of Columbia"
78,"Furniture",504591,7,410002,"Texas"
79,"Gardening",414587,4,169401,"Massachusetts"
80,"School",124211,7,419395,"Ohio"
81,"Gardening",258127,1,399054,"Texas"
82,"Gardening",996110,9,408032,"Hawaii"
83,"Appliance",529706,7,207385,"Missouri"
84,"Toy",216770,4,57556,"Colorado"
85,"Furniture",538016,3,338924,"Washington"
86,"School",487358,5,200000,"Alabama"
87,"Economy",270340,7,219211,"Arizona"
88,"Hospital",780683,9,279890,"California"
89,"Development",536186,1,142441,"Oregon"
90,"Appliance",805339,5,490319,"West Virginia"
91,"School",571677,9,106415,"Indiana"
92,"Hospital",539077,4,220992,"Pennsylvania"
93,"Appliance",369605,8,445002,"North Carolina"
94,"Hospital",192951,1,12044,"Maine"
95,"Development",574890,7,211940,"Maryland"
96,"Gardening",257630,8,156517,"Massachusetts"
97,"Development",229920,4,278606,"New York"
98,"Development",244454,2,367013,"New Jersey"
99,"Development",918258,9,132758,"Alabama"
100,"Furniture",308867,6,316369,"Virginia"
101,"Furniture",606095,5,258453,"Wyoming"
102,"Development",443824,6,299369,"Nebraska"
103,"Economy",335720,2,4715,"Rhode Island"
104,"Toy",543810,7,333091,"Utah"
105,"Development",264945,3,233317,"Texas"
106,"Economy",520264,5,267988,"Alaska"
107,"Hospital",330664,9,291622,"District of Columbia"
108,"Gardening",107421,7,361085,"Alabama"
109,"School",135102,4,11249,"Maryland"
110,"School",315275,2,390328,"Vermont"
111,"Economy",865096,6,420982,"District of Columbia"
112,"Development",792457,2,163821,"Vermont"
113,"Toy",693983,5,173150,"Oklahoma"
114,"Toy",488493,5,417180,"Delaware"
115,"Economy",816796,4,192979,"South Dakota"
116,"Gardening",767436,9,460746,"Virginia"
117,"Toy",495583,7,357300,"Nebraska"
118,"Hospital",633590,6,195820,"Kentucky"
119,"Economy",328591,9,124459,"North Carolina"
120,"Economy",184496,1,462152,"Arkansas"
121,"Development",719898,6,458346,"Hawaii"
122,"School",575014,3,401469,"South Dakota"
123,"Economy",227225,5,137468,"South Carolina"
124,"Furniture",591478,9,341710,"Iowa"
125,"Hospital",807938,4,112735,"Ohio"
126,"Gardening",765063,6,487772,"Oregon"
127,"Appliance",469547,3,121179,"Arizona"
128,"Development",631107,7,4963,"Nebraska"
129,"Hospital",439705,6,486247,"Virginia"
130,"Development",970596,8,493754,"New Jersey"
131,"Toy",580791,5,145140,"Hawaii"
132,"Toy",557685,6,81661,"Ohio"
133,"Economy",886408,7,310769,"Vermont"
134,"Appliance",730932,5,115357,"Kansas"
135,"Development",526852,6,435927,"North Carolina"
136,"Appliance",480696,8,444513,"South Carolina"
137,"Furniture",758775,2,121461,"Nevada"
138,"Furniture",561850,7,19233,"Illinois"
139,"Gardening",847509,5,257060,"Pennsylvania"
140,"School",708845,7,466760,"Arkansas"
141,"Development",932463,1,467041,"Rhode Island"
142,"Appliance",851591,2,178068,"West Virginia"
143,"Development",586650,4,211627,"Arkansas"
144,"Hospital",122240,5,407406,"North Carolina"
145,"School",893019,1,152068,"California"
146,"Appliance",619340,9,46263,"Minnesota"
147,"School",779529,6,256537,"Minnesota"
148,"Hospital",288127,8,54277,"Oregon"
149,"School",969140,7,79961,"Delaware"
150,"Gardening",716144,7,247575,"Pennsylvania"
151,"Appliance",244817,5,335834,"Tennessee"
152,"Appliance",670404,9,454902,"Kansas"
153,"Development",145652,1,452852,"Washington"
154,"Economy",427151,5,146918,"Colorado"
155,"Economy",999039,8,263575,"South Dakota"
156,"Development",674560,1,55912,"Michigan"
157,"Appliance",672144,9,136247,"Georgia"
158,"Economy",695318,1,201147,"Connecticut"
159,"Development",404148,1,126074,"South Dakota"
160,"Development",126354,6,470573,"Mississippi"
161,"School",862891,7,492543,"Illinois"
162,"Development",465732,8,253147,"Arizona"
163,"Hospital",643729,1,291703,"California"
164,"Hospital",426321,6,365051,"Georgia"
165,"Gardening",219891,5,475039,"New Mexico"
166,"School",431288,6,171416,"Virginia"
167,"Economy",935870,6,450946,"Montana"
168,"Economy",655595,8,178722,"Virginia"
169,"Economy",118984,1,409238,"Rhode Island"
170,"Toy",777943,8,110158,"Florida"
171,"Economy",446012,4,811,"Texas"
172,"Toy",847891,1,93053,"Maine"
173,"Development",130229,4,89459,"Minnesota"
174,"Economy",346984,3,428404,"Wyoming"
175,"Gardening",618434,3,297065,"Virginia"
176,"Furniture",583299,1,233717,"Wisconsin"
177,"School",717422,4,81534,"Minnesota"
178,"Furniture",382827,8,428367,"Colorado"
179,"Gardening",501111,2,222026,"Washington"
180,"Toy",279684,6,134478,"Wisconsin"
181,"School",689490,2,213381,"Oklahoma"
182,"Economy",948164,2,301893,"Maryland"
183,"Hospital",673597,6,72341,"Nebraska"
184,"Gardening",303542,9,373908,"Florida"
185,"Gardening",191467,4,64544,"Mississippi"
186,"Economy",425753,9,339159,"Oklahoma"
187,"Toy",550568,4,220328,"North Carolina"
188,"Toy",805628,2,331213,"New York"
189,"Hospital",767241,9,413531,"Nevada"
190,"Toy",703957,2,429936,"Utah"
191,"School",404159,4,221949,"Pennsylvania"
192,"Economy",846118,5,36557,"Mississippi"
193,"Hospital",198807,8,15139,"Alabama"
194,"Toy",341254,3,219410,"Iowa"
195,"Gardening",789010,1,33795,"Ohio"
196,"Economy",929590,1,1201,"Oklahoma"
197,"Gardening",196172,6,346435,"Wisconsin"
198,"Furniture",782594,2,2721,"Oklahoma"
199,"Toy",997361,5,434393,"Texas"
200,"Furniture",719271,5,419466,"Louisiana"
201,"Gardening",585500,5,241966,"Maine"
202,"Appliance",182239,3,223369,"District of Columbia"
203,"Development",277357,9,39312,"Mississippi"
204,"Furniture",114312,3,91915,"Georgia"
205,"Development",514152,3,273911,"Colorado"
206,"Furniture",970758,5,180087,"Rhode Island"
207,"Gardening",669678,6,98934,"Iowa"
208,"School",757114,7,179994,"Arizona"
209,"Hospital",240447,4,87281,"Alabama"
210,"Economy",877218,7,94039,"California"
211,"Development",399215,2,78987,"Rhode Island"
212,"Furniture",636433,9,263869,"Alabama"
213,"School",196875,9,12336,"Washington"
214,"Hospital",793178,4,71472,"Ohio"
215,"Development",793745,1,117374,"Utah"
216,"Gardening",301337,7,435050,"California"
217,"Furniture",132278,3,108379,"New Mexico"
218,"Economy",640921,1,433219,"Wyoming"
219,"Hospital",249862,7,137306,"New Hampshire"
220,"School",674808,6,205271,"South Carolina"
221,"Furniture",387327,6,136155,"United States"
222,"School",660345,2,424301,"New Hampshire"
223,"Furniture",771940,6,146699,"Georgia"
224,"Hospital",675115,6,432546,"Maine"
225,"Gardening",638461,3,411349,"Missouri"
226,"School",811500,4,14487,"Rhode Island"
227,"Toy",485014,4,202804,"Arizona"
228,"Furniture",449802,9,307526,"South Carolina"
229,"Hospital",856958,2,353940,"Ohio"
230,"Toy",337053,6,39122,"Alabama"
231,"Hospital",955370,9,178838,"California"
232,"School",767450,4,471777,"Tennessee"
233,"Hospital",372132,5,329004,"Arkansas"
234,"Hospital",563303,8,211352,"New York"
235,"Furniture",166658,4,161046,"Iowa"
236,"Furniture",907753,1,284472,"Maine"
237,"Gardening",769441,5,118752,"Arkansas"
238,"Economy",758748,4,186395,"United States"
239,"Toy",976977,8,493260,"Missouri"
240,"Hospital",853994,7,236300,"Arizona"
241,"School",181075,1,42129,"New York"
242,"Gardening",904471,2,201597,"Nebraska"
243,"Economy",468428,4,91200,"Colorado"
244,"Hospital",356110,8,15152,"Alabama"
245,"Hospital",837609,6,28804,"Rhode Island"
246,"School",542744,6,455987,"Georgia"
247,"Development",528349,4,260898,"Iowa"
248,"Development",417832,4,459007,"Mississippi"
249,"Appliance",529879,9,164684,"South Carolina"
250,"Development",697419,3,35864,"Arizona"
251,"Toy",688519,2,9211,"Wisconsin"
252,"Gardening",450895,6,484773,"Indiana"
253,"Appliance",851859,7,83606,"North Dakota"
254,"Economy",478009,9,429522,"Kentucky"
255,"Development",254345,3,410199,"District of Columbia"
256,"School",351680,2,440555,"Rhode Island"
257,"Economy",557849,9,203597,"New Mexico"
258,"Toy",127703,8,122311,"Michigan"
259,"Toy",546981,1,235480,"Missouri"
260,"Economy",589917,3,319614,"Tennessee"
261,"Development",192098,6,285438,"Alabama"
262,"School",432588,7,407262,"Mississippi"
263,"School",668389,4,463895,"South Dakota"
264,"School",351687,4,67570,"Wyoming"
265,"School",826229,6,285862,"Delaware"
266,"Development",337993,6,130376,"Florida"
267,"Hospital",204078,7,387711,"Utah"
268,"School",142189,7,259403,"Michigan"
269,"School",428241,7,105595,"Arizona"
270,"Hospital",336324,6,7972,"Kentucky"
271,"Hospital",647252,9,271572,"Indiana"
272,"Gardening",417517,2,102016,"Michigan"
273,"Hospital",474281,4,455299,"Montana"
274,"Development",600195,4,232350,"Nevada"
275,"Economy",804267,2,10831,"Maine"
276,"Hospital",257062,3,29253,"Virginia"
277,"Gardening",925532,4,131972,"Connecticut"
278,"Development",471805,1,87116,"Hawaii"
279,"Toy",856737,6,385468,"Maine"
280,"Development",188753,9,69651,"Tennessee"
281,"Hospital",265922,5,97186,"Missouri"
282,"Economy",881483,6,185400,"Arizona"
283,"Appliance",942593,5,208751,"Indiana"
284,"Hospital",661259,7,156863,"Missouri"
285,"Economy",441474,2,187123,"Massachusetts"
286,"Furniture",988300,6,461084,"Nevada"
287,"Toy",617626,5,422853,"Hawaii"
288,"Furniture",370895,2,462500,"Indiana"
289,"Hospital",694757,2,174630,"Pennsylvania"
290,"Toy",880517,7,288688,"Rhode Island"
291,"Economy",968501,4,200212,"Michigan"
292,"Furniture",115299,4,324899,"Massachusetts"
293,"Economy",140526,8,150378,"Alaska"
294,"Economy",354065,9,317535,"Delaware"
295,"School",898312,9,222916,"Texas"
296,"Development",771575,1,57402,"United States"
297,"Toy",380652,5,18545,"West Virginia"
298,"Appliance",954437,2,472743,"New Jersey"
299,"School",901058,6,476140,"Pennsylvania"
300,"Appliance",137714,7,488746,"Ohio"
301,"Hospital",412850,6,265731,"Mississippi"
302,"Gardening",655647,8,164588,"Nebraska"
303,"Economy",826579,4,270836,"Louisiana"
304,"Hospital",477098,5,427954,"Georgia"
305,"Toy",178957,9,134794,"Connecticut"
306,"Gardening",217929,2,380487,"Arizona"
307,"Hospital",939100,3,57887,"Kentucky"
308,"Hospital",278159,7,399973,"South Carolina"
309,"Appliance",122677,5,457219,"Iowa"
310,"Appliance",675257,6,498062,"Minnesota"
311,"Furniture",782878,7,280935,"Connecticut"
312,"School",676196,3,250352,"Oklahoma"
313,"School",654579,3,481647,"South Carolina"
314,"Furniture",582898,7,321697,"North Dakota"
315,"Furniture",523639,7,453917,"Tennessee"
316,"Appliance",511001,3,484379,"Arkansas"
317,"Economy",155977,6,384633,"Tennessee"
318,"Economy",950577,6,213074,"Louisiana"
319,"Development",225469,7,312862,"Rhode Island"
320,"Gardening",801439,7,318499,"Louisiana"
321,"Furniture",376437,8,91966,"Hawaii"
322,"Appliance",766231,7,5596,"Rhode Island"
323,"School",763486,3,327243,"Missouri"
324,"Furniture",693135,6,345155,"Delaware"
325,"Furniture",674201,6,116249,"New York"
326,"Hospital",815385,8,387055,"Kentucky"
327,"Development",963325,1,117455,"Massachusetts"
328,"Furniture",290972,8,363784,"Georgia"
329,"Hospital",252892,4,184342,"Kansas"
330,"Appliance",428153,2,211517,"Iowa"
331,"Furniture",735826,4,462199,"California"
332,"Economy",902330,3,205813,"Minnesota"
333,"Hospital",478927,2,381599,"Louisiana"
334,"Toy",284708,1,32041,"Mississippi"
335,"Hospital",551077,1,148628,"Rhode Island"
336,"School",781338,7,33910,"California"
337,"Toy",349626,8,9391,"South Dakota"
338,"Economy",227821,4,110798,"Utah"
339,"Toy",566247,3,149295,"Wisconsin"
340,"Furniture",341251,8,372352,"California"
341,"Furniture",588388,9,302899,"New Mexico"
342,"Hospital",288953,6,243023,"Montana"
343,"Furniture",253775,3,89826,"Connecticut"
344,"Development",564308,7,167676,"Iowa"
345,"Gardening",804864,8,381242,"New Mexico"
346,"Furniture",775742,9,249494,"Illinois"
347,"Furniture",876080,7,399052,"California"
348,"School",251869,2,211739,"Oklahoma"
349,"Furniture",615204,8,153122,"Wyoming"
350,"Gardening",938923,9,459948,"Wyoming"
351,"Toy",809163,4,357757,"Massachusetts"
352,"School",784614,2,88518,"Louisiana"
353,"Hospital",807976,3,31183,"Georgia"
354,"Development",413996,8,238988,"Nebraska"
355,"Furniture",118289,6,152403,"Connecticut"
356,"Appliance",356494,6,381208,"Oregon"
357,"Development",412546,2,68042,"Kentucky"
358,"Appliance",842720,9,425822,"Utah"
359,"Appliance",267167,6,344025,"Texas"
360,"Gardening",197960,5,5806,"Minnesota"
361,"Hospital",604726,2,40028,"Connecticut"
362,"Economy",769466,2,98195,"North Carolina"
363,"Furniture",852592,8,413276,"Florida"
364,"Hospital",390737,8,335104,"New Mexico"
365,"School",510710,4,396772,"Oklahoma"
366,"Economy",884838,9,44391,"Massachusetts"
367,"Economy",673614,3,115369,"North Carolina"
368,"Economy",699422,9,389857,"New York"
369,"Toy",664163,3,144314,"Michigan"
370,"Toy",960821,8,170481,"Arkansas"
371,"Furniture",905210,4,347575,"New York"
372,"Toy",330219,4,169333,"Kentucky"
373,"Hospital",756419,9,453565,"Missouri"
374,"School",881486,8,263564,"Delaware"
375,"Economy",528704,5,182766,"North Dakota"
376,"Hospital",320706,8,392323,"Louisiana"
377,"Economy",917377,9,433641,"Delaware"
378,"School",353360,3,107285,"Hawaii"
379,"Furniture",740806,9,318668,"Iowa"
380,"Gardening",732655,1,102736,"Nebraska"
381,"Development",759997,6,30487,"Arizona"
382,"Development",218196,1,6478,"Oregon"
383,"Economy",472812,2,373270,"Minnesota"
384,"Economy",376861,3,221451,"Kansas"
385,"School",410647,7,207701,"Oklahoma"
386,"Development",347937,2,35053,"Alaska"
387,"School",187620,6,491394,"New York"
388,"Toy",399923,4,92120,"Louisiana"
389,"School",670581,1,164668,"South Carolina"
390,"Toy",689018,1,480292,"Maine"
391,"Appliance",771831,7,233126,"Maine"
392,"School",349152,3,416469,"Pennsylvania"
393,"Gardening",698754,8,217642,"Connecticut"
394,"Economy",800776,4,180188,"Maine"
395,"Hospital",128511,8,100284,"Missouri"
396,"Furniture",871477,1,35967,"South Dakota"
397,"Hospital",786665,4,244910,"Minnesota"
398,"Hospital",957460,6,88917,"New Mexico"
399,"Appliance",845982,6,26958,"Florida"
400,"Economy",680873,9,448491,"Wisconsin"
401,"Economy",716229,9,111195,"Minnesota"
402,"Appliance",500042,2,177696,"Mississippi"
403,"Appliance",420092,3,38415,"Delaware"
404,"Toy",647034,4,488088,"Tennessee"
405,"Appliance",668493,8,15944,"New Hampshire"
406,"Hospital",633254,8,312609,"North Dakota"
407,"Gardening",289955,6,465828,"South Dakota"
408,"Development",742566,3,429939,"Ohio"
409,"Toy",576384,9,90452,"California"
410,"Appliance",216991,3,417488,"Nebraska"
411,"Furniture",178540,5,136466,"Oregon"
412,"Development",800558,8,406695,"Montana"
413,"Furniture",959843,5,493627,"Missouri"
414,"Hospital",416967,9,259814,"Ohio"
415,"Hospital",996738,2,211246,"Illinois"
416,"School",180184,9,260266,"Texas"
417,"Development",560943,9,59378,"Alaska"
418,"Gardening",633116,7,274388,"Minnesota"
419,"Appliance",320228,8,202775,"South Carolina"
420,"School",753378,7,158595,"Idaho"
421,"Appliance",578305,7,470473,"Montana"
422,"Furniture",890129,3,184649,"Texas"
423,"School",902357,2,346696,"California"
424,"Appliance",306545,8,318724,"Connecticut"
425,"Economy",807298,4,258290,"Iowa"
426,"Furniture",623558,5,325180,"Indiana"
427,"Economy",373018,9,499222,"Colorado"
428,"Development",251446,1,230063,"Hawaii"
429,"Toy",169295,2,17419,"Idaho"
430,"Furniture",159308,4,175643,"Wisconsin"
431,"Furniture",935423,3,272033,"Ohio"
432,"Development",585060,2,135490,"Rhode Island"
433,"School",257011,8,320602,"Arizona"
434,"Hospital",802503,9,351713,"Rhode Island"
435,"Hospital",207771,1,153042,"Virginia"
436,"Toy",826970,2,199962,"Mississippi"
437,"School",948098,5,367221,"Kansas"
438,"School",518747,8,341532,"Oklahoma"
439,"Economy",703194,4,160659,"Idaho"
440,"Development",934940,9,476363,"Minnesota"
441,"Hospital",425134,1,62228,"Kentucky"
442,"School",297924,4,108580,"Nebraska"
443,"Gardening",761042,5,436107,"Delaware"
444,"Hospital",331594,1,93041,"Illinois"
445,"Furniture",234628,3,32542,"New Mexico"
446,"Toy",351529,7,288323,"Nevada"
447,"Furniture",403469,8,399998,"Texas"
448,"School",280972,3,486668,"Texas"
449,"Hospital",881068,1,63388,"Wisconsin"
450,"Appliance",561602,7,459394,"Maine"
451,"Development",617585,3,390262,"Alaska"
452,"School",512611,8,495929,"New Jersey"
453,"Gardening",783238,7,227893,"Idaho"
454,"Development",635891,8,65310,"Iowa"
455,"Hospital",507078,8,31601,"Hawaii"
456,"Hospital",664711,9,96273,"Delaware"
457,"Hospital",482342,2,37612,"Tennessee"
458,"Development",492113,5,414905,"Louisiana"
459,"Gardening",280820,5,31272,"Utah"
460,"Development",491785,5,230907,"New Jersey"
461,"Hospital",887921,5,181511,"Indiana"
462,"School",337282,1,496795,"New Mexico"
463,"Appliance",443112,6,440285,"Tennessee"
464,"Gardening",933929,5,234203,"Kentucky"
465,"Gardening",169595,8,264449,"Texas"
466,"Economy",700510,5,22228,"Arizona"
467,"Toy",153921,9,30727,"New Jersey"
468,"Development",185533,3,151222,"Colorado"
469,"Toy",277487,8,289007,"Wisconsin"
470,"Economy",631873,7,153271,"Oklahoma"
471,"School",576372,7,188902,"Nebraska"
472,"Furniture",477172,8,371144,"Idaho"
473,"Development",783059,9,373806,"Connecticut"
474,"Economy",127792,6,226700,"Virginia"
475,"Furniture",509167,5,356271,"Nebraska"
476,"School",862517,2,70532,"Arizona"
477,"Toy",239371,1,485004,"Illinois"
478,"Economy",385930,7,129481,"New Jersey"
479,"Furniture",460740,5,201899,"Alaska"
480,"Economy",701658,9,103582,"Georgia"
481,"School",596881,1,153818,"Virginia"
482,"Development",627844,8,304395,"Mississippi"
483,"Development",823467,9,273436,"Florida"
484,"Appliance",610288,3,10264,"New Hampshire"
485,"Hospital",387732,1,285324,"Illinois"
486,"School",998864,6,355043,"Wyoming"
487,"School",271628,7,194695,"Ohio"
488,"School",308165,6,217443,"District of Columbia"
489,"Economy",509258,8,221235,"Florida"
490,"Toy",300629,2,129000,"Hawaii"
491,"Economy",235877,3,95421,"Kentucky"
492,"Development",223132,2,110630,"New Jersey"
493,"School",605945,5,356573,"Connecticut"
494,"School",854477,1,121812,"Pennsylvania"
495,"Toy",995164,8,241853,"Illinois"
496,"Economy",581240,4,49454,"United States"
497,"Furniture",738016,8,138399,"South Carolina"
498,"Development",468507,5,46878,"New York"
499,"Toy",964909,5,323529,"Michigan"
500,"Economy",306123,9,81196,"Alabama"
501,"Hospital",981230,4,282588,"Connecticut"
502,"Gardening",933618,8,75669,"Maine"
503,"Economy",100646,4,106083,"New Mexico"
504,"Development",573299,9,295341,"Hawaii"
505,"Development",967750,2,45555,"Nebraska"
506,"Furniture",287297,8,499029,"New Mexico"
507,"Furniture",574225,4,222430,"Nevada"
508,"Toy",118418,3,459112,"Idaho"
509,"Toy",683707,1,117860,"Maryland"
510,"Economy",416174,1,260909,"Washington"
511,"Appliance",403168,5,37048,"South Dakota"
512,"Furniture",508855,8,391696,"Missouri"
513,"Hospital",688509,6,261999,"Minnesota"
514,"Economy",503228,1,435743,"North Dakota"
515,"Furniture",808760,2,158301,"Minnesota"
516,"Hospital",408717,5,273078,"Tennessee"
517,"School",313310,5,450392,"New Mexico"
518,"Economy",338893,1,462610,"Iowa"
519,"Toy",103945,2,250067,"North Carolina"
520,"Economy",702431,5,283222,"Texas"
521,"Hospital",605126,7,443508,"Rhode Island"
522,"School",869185,1,499619,"United States"
523,"Furniture",839102,9,365963,"Missouri"
524,"School",253028,6,394468,"Rhode Island"
525,"Toy",350355,9,16793,"United States"
526,"Economy",333651,9,142410,"Maine"
527,"Appliance",764650,8,371487,"Florida"
528,"Development",193989,8,209703,"Georgia"
529,"School",979223,6,365050,"Iowa"
530,"School",347061,7,57653,"District of Columbia"
531,"Hospital",725337,8,302910,"Ohio"
532,"Gardening",467431,1,400295,"Massachusetts"
533,"Hospital",592180,7,354702,"California"
534,"Appliance",223213,3,361103,"Pennsylvania"
535,"Furniture",785696,2,3411,"New Hampshire"
536,"Gardening",204323,3,33080,"Missouri"
537,"Hospital",919807,5,339740,"North Carolina"
538,"Hospital",599064,4,279852,"Idaho"
539,"Economy",485403,5,294962,"New Mexico"
540,"School",262982,7,358027,"Kansas"
541,"Hospital",101082,3,369934,"Montana"
542,"Gardening",134198,2,162266,"Wyoming"
543,"School",762482,2,38895,"Alabama"
544,"Economy",965977,2,259388,"Florida"
545,"Gardening",444941,2,18508,"Hawaii"
546,"Development",323455,6,33183,"Arkansas"
547,"Toy",476455,7,277432,"Maine"
548,"School",170638,7,468403,"Alaska"
549,"Toy",258420,6,363256,"New York"
550,"Hospital",692291,6,202837,"Virginia"
551,"Appliance",973524,2,300239,"Rhode Island"
552,"Hospital",836219,3,316653,"Nebraska"
553,"Appliance",984443,7,294355,"North Carolina"
554,"Hospital",754715,1,174239,"Illinois"
555,"Toy",130864,2,476809,"New Mexico"
556,"Furniture",766166,4,428259,"Wisconsin"
557,"Development",435199,6,362704,"Wyoming"
558,"Hospital",524774,3,298427,"Hawaii"
559,"School",918990,3,163672,"Tennessee"
560,"Hospital",467389,2,116205,"Idaho"
561,"Appliance",468452,9,373471,"Tennessee"
562,"Development",345764,1,411192,"Rhode Island"
563,"Furniture",199122,9,294536,"Montana"
564,"Economy",975610,5,462204,"Delaware"
565,"Development",484390,5,218602,"Texas"
566,"Toy",311848,4,241835,"Delaware"
567,"Toy",217241,6,98468,"Massachusetts"
568,"Hospital",271001,2,435702,"Iowa"
569,"Furniture",418782,9,387844,"Ohio"
570,"Furniture",633327,7,315128,"Washington"
571,"School",548897,6,384138,"North Dakota"
572,"Economy",348001,5,289548,"Washington"
573,"Development",529513,8,363312,"Kansas"
574,"Appliance",400049,7,326475,"Tennessee"
575,"Toy",479700,1,62526,"Alabama"
576,"Hospital",766148,7,394309,"New Hampshire"
577,"Gardening",200005,6,146779,"District of Columbia"
578,"Furniture",430430,9,257482,"New Jersey"
579,"Hospital",853640,1,213547,"New Jersey"
580,"Hospital",114687,7,322177,"Alaska"
581,"Gardening",433066,3,4874,"New Jersey"
582,"Hospital",891292,7,427472,"Nebraska"
583,"Economy",281276,9,70234,"Missouri"
584,"Development",586210,9,433158,"Kentucky"
585,"Appliance",686923,8,243350,"Nevada"
586,"Economy",737060,6,364893,"New Hampshire"
587,"Hospital",321077,4,228421,"Alaska"
588,"Hospital",657780,6,182447,"Montana"
589,"Hospital",693275,6,12716,"Mississippi"
590,"Economy",966555,5,371688,"Montana"
591,"School",275852,6,309484,"Missouri"
592,"Appliance",128429,7,143078,"District of Columbia"
593,"Gardening",136599,6,188591,"North Dakota"
594,"Gardening",822534,8,272807,"Michigan"
595,"Toy",120842,4,347412,"Oklahoma"
596,"Toy",738832,5,171233,"South Carolina"
597,"Hospital",923540,5,58534,"South Carolina"
598,"Gardening",803110,2,228638,"Indiana"
599,"Toy",622184,6,34044,"Pennsylvania"
600,"Appliance",412407,5,433603,"New Hampshire"
601,"Hospital",636598,8,481571,"New York"
602,"Hospital",814154,5,124990,"Pennsylvania"
603,"Toy",586518,6,475011,"Kentucky"
604,"Appliance",475056,1,23973,"Hawaii"
605,"Toy",122170,7,187414,"Florida"
606,"Appliance",695181,9,216932,"New Mexico"
607,"Appliance",168999,8,97094,"Ohio"
608,"Gardening",850859,6,155005,"Delaware"
609,"Hospital",544779,6,68490,"Florida"
610,"Economy",795217,2,462204,"Maine"
611,"Gardening",373292,5,387885,"Wyoming"
612,"Appliance",641122,6,312497,"United States"
613,"Hospital",698942,5,475245,"Florida"
614,"Appliance",732371,3,222069,"North Dakota"
615,"Gardening",968954,9,204258,"Colorado"
616,"Furniture",649049,7,245354,"Kentucky"
617,"Furniture",498470,7,32457,"Maine"
618,"Development",821480,3,234579,"North Carolina"
619,"Furniture",158043,2,96396,"Mississippi"
620,"Appliance",536236,7,334303,"Arizona"
621,"Appliance",122533,2,169195,"Pennsylvania"
622,"Appliance",282315,5,354534,"South Carolina"
623,"School",848023,8,384948,"New York"
624,"Toy",913627,2,84777,"Colorado"
625,"Development",872106,5,103302,"Alabama"
626,"Appliance",850626,1,36856,"Alaska"
627,"Economy",570448,9,339439,"Minnesota"
628,"Gardening",393321,7,388358,"Oregon"
629,"Appliance",827893,4,297906,"Oklahoma"
630,"Appliance",530165,9,334061,"West Virginia"
631,"Appliance",843102,5,298022,"Nevada"
632,"Gardening",813918,6,169357,"Iowa"
633,"Toy",379762,3,94313,"Florida"
634,"Furniture",661363,9,379806,"United States"
635,"Appliance",956883,8,234075,"Virginia"
636,"Economy",240076,9,381905,"Michigan"
637,"Toy",304975,5,134857,"West Virginia"
638,"School",125955,2,159787,"Colorado"
639,"Development",804035,5,197131,"Delaware"
640,"Appliance",408786,7,346257,"New York"
641,"School",459907,6,279293,"Illinois"
642,"Development",282763,7,224400,"Oregon"
643,"Economy",389253,4,200578,"Maryland"
644,"Hospital",539445,8,456116,"Connecticut"
645,"Economy",204413,1,270530,"Nevada"
646,"Development",111714,5,234647,"Arizona"
647,"Appliance",146958,3,326292,"Connecticut"
648,"Toy",761737,8,494770,"Oregon"
649,"Gardening",536347,1,274708,"Washington"
650,"Toy",175117,8,472513,"New Hampshire"
651,"Gardening",853351,2,273653,"Mississippi"
652,"School",302311,7,152970,"Alaska"
653,"Appliance",615808,8,306561,"Colorado"
654,"Economy",304356,4,212974,"Oklahoma"
655,"Hospital",138948,5,499220,"Nebraska"
656,"Hospital",502193,5,390559,"West Virginia"
657,"Economy",826445,4,143136,"New Hampshire"
658,"Gardening",904052,5,186126,"Ohio"
659,"Gardening",110066,3,296416,"Indiana"
660,"Gardening",936605,2,115133,"Colorado"
661,"Development",444995,5,366809,"South Dakota"
662,"Hospital",661288,6,464942,"New Hampshire"
663,"Gardening",667575,5,239042,"Nevada"
664,"Hospital",592610,7,65373,"Ohio"
665,"Gardening",973742,3,40297,"Washington"
666,"Appliance",613928,8,476802,"Wisconsin"
667,"Hospital",992472,8,209642,"Idaho"
668,"Hospital",799947,6,399869,"Oklahoma"
669,"School",581074,8,157534,"Texas"
670,"Furniture",295226,6,362820,"Kentucky"
671,"Development",809075,8,127142,"Oklahoma"
672,"Economy",829727,6,216813,"Florida"
673,"Hospital",485932,4,447072,"Indiana"
674,"Gardening",706419,6,109803,"New Mexico"
675,"Toy",691666,2,206843,"Tennessee"
676,"Development",480121,8,389023,"Arizona"
677,"Toy",623945,1,6330,"Maine"
678,"Appliance",824477,4,12539,"Oklahoma"
679,"Development",999418,4,252541,"Missouri"
680,"Toy",993123,6,92507,"Nebraska"
681,"Development",600262,4,58661,"Hawaii"
682,"Development",658564,9,237294,"California"
683,"Gardening",994476,1,406712,"Colorado"
684,"Hospital",373744,2,451169,"California"
685,"Furniture",124445,5,418709,"California"
686,"Hospital",564397,6,362741,"South Dakota"
687,"Toy",392485,3,273519,"Mississippi"
688,"Gardening",960005,4,339639,"Kentucky"
689,"Gardening",863103,7,58753,"Oregon"
690,"Appliance",975054,5,157574,"South Dakota"
691,"Economy",981568,3,90032,"Washington"
692,"Economy",564613,6,218571,"South Dakota"
693,"Gardening",822952,4,351080,"Pennsylvania"
694,"School",608746,8,41538,"South Dakota"
695,"Furniture",277849,7,358889,"Michigan"
696,"Toy",336044,7,99233,"Mississippi"
697,"Hospital",865984,5,492941,"Virginia"
698,"School",296072,4,39993,"Florida"
699,"Toy",221645,5,295018,"Pennsylvania"
700,"School",699872,1,272289,"New Mexico"
701,"Hospital",342730,1,123445,"Oklahoma"
702,"Hospital",121735,2,497167,"Oregon"
703,"Furniture",152048,7,280582,"Indiana"
704,"Economy",598833,5,372759,"Missouri"
705,"Economy",770763,1,480632,"Alaska"
706,"Development",300253,8,30361,"Iowa"
707,"Furniture",645623,5,121353,"South Carolina"
708,"Toy",436983,9,414724,"Pennsylvania"
709,"Hospital",507302,9,376946,"New Mexico"
710,"Hospital",818082,2,188352,"Wisconsin"
711,"Economy",716344,7,206116,"Delaware"
712,"Appliance",610808,3,494917,"Maine"
713,"Economy",914935,3,13344,"Washington"
714,"Gardening",608877,4,53560,"Alaska"
715,"Development",347307,6,23080,"Kansas"
716,"Gardening",911847,1,481487,"Vermont"
717,"Economy",974210,3,265645,"North Carolina"
718,"Gardening",461584,4,251384,"Arkansas"
719,"School",845594,7,394626,"Arizona"
720,"School",789122,5,348408,"Mississippi"
721,"School",350406,4,120238,"New Jersey"
722,"Hospital",290640,3,161969,"Kansas"
723,"Appliance",161437,7,323553,"Maine"
724,"Furniture",934346,5,366472,"New Mexico"
725,"Economy",891126,3,207648,"Utah"
726,"Gardening",502165,5,492720,"Virginia"
727,"Appliance",355993,7,179335,"Pennsylvania"
728,"Furniture",861488,9,115955,"New Hampshire"
729,"Toy",316414,3,433094,"West Virginia"
730,"Gardening",843675,5,128096,"Maine"
731,"Appliance",459795,6,1096,"United States"
732,"Appliance",516806,9,84328,"Virginia"
733,"Appliance",514785,4,979,"Massachusetts"
734,"Development",658351,1,171347,"Iowa"
735,"Development",294766,3,113121,"Michigan"
736,"Hospital",263967,3,443975,"Kansas"
737,"Gardening",839176,9,306151,"Oklahoma"
738,"Economy",393751,5,190691,"Idaho"
739,"School",979507,7,97964,"Arizona"
740,"Appliance",498236,5,238204,"Michigan"
741,"Toy",923469,4,168379,"Rhode Island"
742,"Economy",321439,8,225461,"Connecticut"
743,"Furniture",818964,4,4153,"Connecticut"
744,"Appliance",403456,2,93378,"New Jersey"
745,"Gardening",882508,8,143362,"Illinois"
746,"Appliance",652553,6,70750,"New Jersey"
747,"Toy",572275,1,63812,"North Carolina"
748,"Hospital",753944,3,264656,"Maryland"
749,"Gardening",877606,5,117384,"Alabama"
750,"Furniture",746667,8,96473,"South Carolina"
751,"Appliance",681642,1,327947,"New Mexico"
752,"School",734408,1,292608,"Maine"
753,"School",347297,8,99049,"Tennessee"
754,"Furniture",759374,6,145616,"Utah"
755,"Hospital",898411,1,396632,"Louisiana"
756,"Appliance",667138,4,45252,"Vermont"
757,"Toy",803362,9,337988,"Wisconsin"
758,"Appliance",239460,5,32675,"Nevada"
759,"Hospital",232611,2,469623,"Maine"
760,"School",357758,8,189417,"District of Columbia"
761,"Economy",579353,7,31153,"Idaho"
762,"Furniture",739115,1,265306,"West Virginia"
763,"Gardening",874783,5,21126,"Nevada"
764,"Gardening",499302,6,365083,"Nebraska"
765,"Hospital",922563,6,48011,"North Carolina"
766,"Economy",171272,7,424085,"Colorado"
767,"Gardening",141072,1,142789,"Minnesota"
768,"Economy",143483,6,216868,"Texas"
769,"Economy",514166,1,344902,"Illinois"
770,"Economy",504898,9,444027,"Maine"
771,"Hospital",751791,3,446941,"Vermont"
772,"Development",658600,8,63234,"California"
773,"Hospital",490742,9,188900,"Alabama"
774,"Furniture",231715,8,368328,"Idaho"
775,"Hospital",602512,2,223377,"Arkansas"
776,"Toy",882955,9,419945,"Oregon"
777,"Gardening",354156,2,139964,"Georgia"
778,"Toy",886578,1,374912,"Utah"
779,"Gardening",610867,4,320983,"Wisconsin"
780,"Economy",618631,3,468016,"Florida"
781,"Development",351158,6,175091,"North Dakota"
782,"Gardening",587277,2,300887,"North Dakota"
783,"Economy",447021,4,344741,"Arizona"
784,"Furniture",140835,2,146935,"Louisiana"
785,"School",465109,5,305707,"District of Columbia"
786,"Appliance",973831,5,320020,"Louisiana"
787,"School",908681,6,108931,"Tennessee"
788,"Furniture",745767,3,481395,"Michigan"
789,"Hospital",319373,9,378953,"Tennessee"
790,"Furniture",371483,4,393051,"Kansas"
791,"Development",504392,2,220461,"Oklahoma"
792,"Appliance",417700,9,282994,"Florida"
793,"Gardening",611171,5,315791,"Colorado"
794,"Furniture",798319,1,370834,"Missouri"
795,"Appliance",342043,3,168414,"Maryland"
796,"Toy",607228,8,480615,"Kansas"
797,"Economy",659498,2,474503,"Oregon"
798,"Gardening",518302,6,387894,"New Mexico"
799,"Toy",510931,3,399252,"District of Columbia"
800,"Development",245710,6,261708,"Illinois"
801,"Economy",981443,9,116174,"Mississippi"
802,"Toy",937431,8,36797,"Washington"
803,"Toy",257146,6,387904,"Rhode Island"
804,"Economy",398232,8,78995,"New Hampshire"
805,"Economy",190308,2,398741,"United States"
806,"Appliance",655596,8,115339,"Kansas"
807,"Toy",327542,5,478679,"Michigan"
808,"Hospital",594745,7,202690,"Michigan"
809,"Economy",368400,7,196533,"Rhode Island"
810,"Hospital",457095,2,297098,"Alabama"
811,"School",416660,7,139368,"Michigan"
812,"Appliance",667461,7,232314,"Wyoming"
813,"Gardening",612906,3,437647,"Maine"
814,"Toy",335482,5,177942,"Oregon"
815,"Gardening",260904,4,280419,"Alabama"
816,"Gardening",905531,2,336119,"Alabama"
817,"Economy",400371,8,440192,"Delaware"
818,"Furniture",135559,9,449969,"Connecticut"
819,"Economy",742302,2,355728,"Alabama"
820,"Development",558588,3,404065,"Missouri"
821,"Hospital",676706,3,250116,"Minnesota"
822,"Development",175551,3,468188,"Arizona"
823,"Economy",985951,5,216908,"Iowa"
824,"Toy",768607,9,220473,"Nebraska"
825,"Toy",977742,3,13308,"Maryland"
826,"Toy",661258,5,446560,"West Virginia"
827,"School",796167,5,60742,"District of Columbia"
828,"School",459361,3,26221,"Maine"
829,"Gardening",406355,7,424502,"South Dakota"
830,"Appliance",315808,7,301377,"Tennessee"
831,"Economy",264919,4,175289,"Arizona"
832,"School",643545,3,93432,"Maine"
833,"Economy",538703,8,408443,"Connecticut"
834,"Appliance",499594,7,187394,"Florida"
835,"Development",397870,5,263770,"Virginia"
836,"Appliance",903162,5,250417,"Texas"
837,"Appliance",618801,9,300586,"Delaware"
838,"Economy",718256,7,105260,"Maryland"
839,"Toy",462027,2,100390,"California"
840,"Furniture",752309,4,171249,"Tennessee"
841,"Toy",232192,6,439998,"Oklahoma"
842,"Economy",481558,1,426454,"Idaho"
843,"Gardening",714507,9,178142,"Massachusetts"
844,"Appliance",546700,3,131707,"Mississippi"
845,"Appliance",749436,3,342724,"South Dakota"
846,"Appliance",595065,6,25407,"Vermont"
847,"Toy",655433,5,415956,"Oklahoma"
848,"Toy",289810,2,194769,"Massachusetts"
849,"Furniture",192016,4,498818,"New Hampshire"
850,"School",469303,6,197170,"Maryland"
851,"Appliance",143238,6,112197,"West Virginia"
852,"Economy",637710,3,359645,"New Jersey"
853,"Appliance",244798,1,463830,"Kentucky"
854,"Hospital",173289,4,316528,"Florida"
855,"Economy",676476,1,484935,"Hawaii"
856,"Economy",823843,9,36537,"Kansas"
857,"Appliance",594528,4,337329,"New York"
858,"Hospital",632469,6,304296,"Hawaii"
859,"Gardening",414869,2,115721,"Colorado"
860,"Economy",877182,6,84320,"Wisconsin"
861,"Appliance",983504,5,71072,"United States"
862,"Hospital",594460,3,71296,"Alabama"
863,"Gardening",821331,7,129126,"Montana"
864,"Furniture",502857,6,110108,"Iowa"
865,"Appliance",950107,4,189290,"Nevada"
866,"Development",975283,2,207826,"Colorado"
867,"School",925184,7,346440,"Idaho"
868,"Appliance",421666,1,330722,"District of Columbia"
869,"Gardening",303696,3,251533,"Texas"
870,"Toy",119321,4,362469,"Mississippi"
871,"Gardening",149629,5,272656,"Massachusetts"
872,"Hospital",760328,5,33421,"Virginia"
873,"Appliance",426900,4,326533,"District of Columbia"
874,"Development",368012,3,159151,"Tennessee"
875,"Gardening",246543,8,96836,"South Carolina"
876,"Gardening",121481,5,457019,"New Jersey"
877,"Hospital",990118,5,311302,"Oklahoma"
878,"Economy",962545,1,400966,"West Virginia"
879,"School",910210,8,319397,"California"
880,"Economy",385479,2,461375,"Mississippi"
881,"School",685124,5,212427,"Pennsylvania"
882,"Hospital",548778,3,7379,"Oregon"
883,"Toy",542208,9,37316,"Massachusetts"
884,"Hospital",949840,1,266616,"Michigan"
885,"Gardening",317764,3,4080,"Oklahoma"
886,"Economy",308273,1,110094,"New York"
887,"Hospital",453176,6,100177,"Texas"
888,"School",684987,2,468274,"Idaho"
889,"School",739021,1,314521,"New York"
890,"Furniture",365610,8,380977,"Delaware"
891,"Hospital",580942,9,381429,"Rhode Island"
892,"Furniture",554744,3,18144,"New Hampshire"
893,"Hospital",944192,2,108884,"Oklahoma"
894,"Hospital",625497,8,212601,"Minnesota"
895,"Appliance",263473,9,305495,"New York"
896,"Economy",532767,8,333741,"South Carolina"
897,"Furniture",984370,3,46594,"Florida"
898,"Gardening",648947,7,64384,"Wyoming"
899,"Furniture",976924,7,352030,"Oregon"
900,"Development",897506,6,453637,"New Jersey"
901,"Hospital",294020,9,251834,"Louisiana"
902,"Gardening",582458,3,1113,"Ohio"
903,"Appliance",836955,6,404375,"Delaware"
904,"Furniture",915390,8,31647,"Texas"
905,"Economy",377361,7,265937,"Connecticut"
906,"Development",198923,7,422754,"South Carolina"
907,"Development",790648,2,496943,"District of Columbia"
908,"Gardening",160534,8,130991,"Colorado"
909,"Hospital",554277,1,398647,"Florida"
910,"Economy",408042,6,471689,"Mississippi"
911,"Furniture",352975,4,224168,"Connecticut"
912,"Development",890089,5,137561,"Kansas"
913,"Toy",571304,2,250398,"North Carolina"
914,"Gardening",887633,9,256581,"Indiana"
915,"Development",948678,5,144317,"New Jersey"
916,"Gardening",371147,1,460871,"Delaware"
917,"Economy",387325,3,432528,"Wisconsin"
918,"Appliance",574314,2,79831,"Mississippi"
919,"Economy",361086,1,10179,"Wyoming"
920,"Toy",593562,3,366803,"Kansas"
921,"Hospital",916698,9,8712,"Oregon"
922,"Economy",222211,4,340716,"Montana"
923,"Economy",453183,1,161103,"Alaska"
924,"Toy",954688,9,93043,"New Hampshire"
925,"Furniture",503606,6,417129,"Nevada"
926,"Economy",431326,2,97313,"United States"
927,"Hospital",857494,3,220770,"Idaho"
928,"School",752040,5,493390,"Mississippi"
929,"Appliance",345610,4,452339,"Florida"
930,"Toy",417372,7,157274,"Minnesota"
931,"School",771094,9,328307,"United States"
932,"Hospital",415663,2,240569,"Wyoming"
933,"Development",688149,7,82973,"Colorado"
934,"Gardening",758934,8,360987,"Georgia"
935,"Economy",847473,2,41682,"Pennsylvania"
936,"Furniture",209447,3,366169,"Hawaii"
937,"Development",186882,4,475587,"Illinois"
938,"Hospital",822985,2,88478,"Georgia"
939,"Hospital",176928,2,355738,"Missouri"
940,"Hospital",703739,9,295928,"Massachusetts"
941,"Toy",219777,8,206544,"Iowa"
942,"Appliance",189491,8,199549,"Iowa"
943,"Gardening",374199,5,357562,"Arizona"
944,"Toy",354267,9,326499,"South Carolina"
945,"Toy",775094,9,455570,"Wisconsin"
946,"Hospital",854479,3,112749,"Florida"
947,"Development",289859,1,462425,"Texas"
948,"Development",542506,4,19594,"Nevada"
949,"Appliance",277607,7,376689,"Missouri"
950,"Furniture",848484,9,423022,"California"
951,"Development",160816,6,457066,"Wyoming"
952,"Economy",557034,9,226354,"Michigan"
953,"Gardening",714799,8,378010,"New York"
954,"Economy",763636,8,55137,"West Virginia"
955,"Hospital",748166,3,222823,"Washington"
956,"Toy",955073,3,345913,"New Jersey"
957,"Furniture",725264,8,273878,"Missouri"
958,"Gardening",534200,1,138145,"Maine"
959,"Development",960391,1,443837,"Alaska"
960,"School",493603,9,395653,"California"
961,"Toy",334294,4,196925,"Illinois"
962,"School",367328,4,320167,"Missouri"
963,"Development",979064,7,241022,"Illinois"
964,"Hospital",648164,2,203273,"Illinois"
965,"Gardening",976379,2,289017,"Virginia"
966,"Economy",886717,5,40850,"Georgia"
967,"Furniture",960128,9,439133,"Montana"
968,"Gardening",391422,7,247064,"Michigan"
969,"Toy",514216,7,85298,"Tennessee"
970,"Appliance",861999,8,362115,"Indiana"
971,"Toy",478947,8,47781,"Alaska"
972,"Economy",477621,4,10786,"Pennsylvania"
973,"Appliance",255528,5,493296,"Delaware"
974,"School",286369,1,122539,"Louisiana"
975,"Toy",478442,5,109055,"Wyoming"
976,"School",407079,7,111060,"Maryland"
977,"School",632597,1,123202,"Vermont"
978,"Appliance",215310,3,99916,"North Dakota"
979,"School",923969,8,394495,"Maryland"
980,"Economy",736324,8,319236,"Vermont"
981,"Furniture",203266,8,465603,"West Virginia"
982,"Gardening",163477,5,346633,"Iowa"
983,"Economy",412709,3,72013,"Kansas"
984,"Development",309919,9,430210,"Kentucky"
985,"Toy",170416,5,348212,"Hawaii"
986,"Development",873584,1,342020,"Tennessee"
987,"Gardening",438010,3,71895,"New Hampshire"
988,"School",753804,5,386718,"New Hampshire"
989,"Development",877043,3,14037,"South Carolina"
990,"Appliance",960346,3,448287,"Illinois"
991,"Economy",602378,2,226437,"Nevada"
992,"Development",694361,5,191726,"Wisconsin"
993,"Toy",493058,6,127337,"Arizona"
994,"Furniture",722389,4,96137,"Oregon"
995,"Development",365593,9,339863,"District of Columbia"
996,"Development",961713,2,370353,"Florida"
997,"Appliance",492223,5,81915,"North Carolina"
998,"Economy",322539,6,416282,"Minnesota"
999,"Furniture",255332,4,376239,"Vermont"
1000,"Furniture",934470,7,156097,"Kentucky"
